final_success_rate,learning_curve_auc,avg_training_return,avg_training_length,avg_repeated_state_rate,avg_unique_states,training_time,checkpoint_500,checkpoint_1000,checkpoint_2000,checkpoint_5000,checkpoint_10000,algorithm,environment,seed
1.0,4148.0,0.4148,7.0107,0.0,5.6408,0.2932575886952691,0.018,0.024,0.044,0.1482,0.4148,qlearning,frozenlake_4x4,0
1.0,4119.5,0.412,7.1871,0.0,5.7238,0.3019588320166804,0.02,0.021,0.038,0.1418,0.412,qlearning,frozenlake_4x4,1
1.0,4106.5,0.4107,7.1515,0.0,5.6982,0.2998115181690082,0.022,0.026,0.038,0.1414,0.4107,qlearning,frozenlake_4x4,2
1.0,4118.5,0.4119,7.1536,0.0,5.7249,0.2990083924960345,0.018,0.025,0.041,0.1444,0.4119,qlearning,frozenlake_4x4,3
1.0,4071.5,0.4072,7.1209,0.0,5.6924,0.31892975961090997,0.01,0.023,0.037,0.1436,0.4072,qlearning,frozenlake_4x4,4
1.0,3976.5,0.3977,7.162,0.0,5.6778,0.3030216182814911,0.022,0.023,0.035,0.1318,0.3977,qlearning,frozenlake_4x4,5
1.0,4174.5,0.4175,7.0512,0.0,5.679,0.29210525227244943,0.014,0.018,0.0375,0.15,0.4175,qlearning,frozenlake_4x4,6
1.0,4096.5,0.4097,7.017,0.0,5.6574,0.2896294586244039,0.016,0.027,0.0475,0.1512,0.4097,qlearning,frozenlake_4x4,7
1.0,4158.5,0.4159,6.982,0.0,5.6491,0.28977958858013153,0.018,0.031,0.05,0.1622,0.4159,qlearning,frozenlake_4x4,8
1.0,4122.5,0.4123,7.1803,0.0,5.7157,0.29912254016380757,0.014,0.028,0.043,0.141,0.4123,qlearning,frozenlake_4x4,9
1.0,4080.5,0.4081,7.1277,0.0,5.7163,0.29383143899030983,0.022,0.024,0.0425,0.1386,0.4081,qlearning,frozenlake_4x4,10
1.0,4064.5,0.4065,7.1215,0.0,5.6908,0.2960544615634717,0.032,0.02,0.04,0.1414,0.4065,qlearning,frozenlake_4x4,11
1.0,4019.5,0.402,7.1514,0.0,5.6912,0.2947588303941302,0.02,0.029,0.036,0.1388,0.402,qlearning,frozenlake_4x4,12
1.0,4040.5,0.4041,7.1103,0.0,5.6939,0.29606563627021387,0.02,0.022,0.0385,0.1356,0.4041,qlearning,frozenlake_4x4,13
1.0,4096.5,0.4097,7.1208,0.0,5.6985,0.2970844386727549,0.014,0.021,0.035,0.1408,0.4097,qlearning,frozenlake_4x4,14
1.0,4073.5,0.4074,7.1995,0.0,5.7134,0.3028878857148811,0.024,0.026,0.045,0.1414,0.4074,qlearning,frozenlake_4x4,15
1.0,4037.5,0.4038,7.1371,0.0,5.691,0.3014697660692036,0.022,0.029,0.0405,0.143,0.4038,qlearning,frozenlake_4x4,16
1.0,4015.5,0.4016,7.17,0.0,5.6934,0.29935162264155224,0.014,0.014,0.033,0.1336,0.4016,qlearning,frozenlake_4x4,17
1.0,4093.5,0.4094,7.164,0.0,5.7092,0.29997445846674964,0.016,0.02,0.037,0.1426,0.4094,qlearning,frozenlake_4x4,18
1.0,4113.5,0.4114,7.0408,0.0,5.6218,0.3192761111422442,0.02,0.021,0.039,0.1566,0.4114,qlearning,frozenlake_4x4,19
1.0,4134.5,0.4135,6.9743,0.0,5.6266,0.33122247288702056,0.02,0.029,0.0485,0.1518,0.4135,qlearning,frozenlake_4x4,20
1.0,3997.5,0.3998,7.1096,0.0,5.6867,0.29777598596410826,0.016,0.016,0.032,0.1378,0.3998,qlearning,frozenlake_4x4,21
1.0,4164.5,0.4165,6.9858,0.0,5.6653,0.2955814978922717,0.016,0.021,0.0435,0.1508,0.4165,qlearning,frozenlake_4x4,22
1.0,4023.5,0.4024,7.0382,0.0,5.6602,0.2916962308809161,0.018,0.025,0.039,0.1416,0.4024,qlearning,frozenlake_4x4,23
1.0,4057.5,0.4058,7.1212,0.0,5.6952,0.3554168483824469,0.024,0.023,0.04,0.145,0.4058,qlearning,frozenlake_4x4,24
1.0,4105.5,0.4106,7.1757,0.0,5.6955,0.3039454672834836,0.01,0.016,0.0415,0.1482,0.4106,qlearning,frozenlake_4x4,25
1.0,4039.5,0.404,7.1272,0.0,5.6771,0.3109403988928534,0.012,0.017,0.031,0.1452,0.404,qlearning,frozenlake_4x4,26
1.0,4179.5,0.418,6.9821,0.0,5.6589,0.2885993229574524,0.016,0.021,0.0485,0.1574,0.418,qlearning,frozenlake_4x4,27
1.0,4109.5,0.411,7.1315,0.0,5.7092,0.29828675143653527,0.024,0.029,0.0445,0.1456,0.411,qlearning,frozenlake_4x4,28
1.0,4101.5,0.4102,6.9889,0.0,5.6205,0.2912263686885126,0.01,0.021,0.0375,0.1408,0.4102,qlearning,frozenlake_4x4,29
1.0,3416.5,0.3417,22.657,0.0,13.7507,0.9399975776323117,0.002,0.002,0.018,0.1122,0.3417,qlearning,frozenlake_8x8,0
0.0,1.0,0.0001,72.5238,0.0,9.8843,3.0472938864841126,0.002,0.001,0.0005,0.0002,0.0001,qlearning,frozenlake_8x8,1
0.0,1.0,0.0001,72.7631,0.0,9.8876,3.020546968851704,0.002,0.001,0.0005,0.0002,0.0001,qlearning,frozenlake_8x8,2
1.0,3137.0,0.3138,22.3697,0.0,13.6258,0.9330420169862919,0.004,0.008,0.0245,0.0898,0.3138,qlearning,frozenlake_8x8,3
0.0,0.0,0.0,72.9457,0.0,9.868,3.0211747248540632,0.0,0.0,0.0,0.0,0.0,qlearning,frozenlake_8x8,4
0.0,0.0,0.0,72.7892,0.0,9.8919,3.088939019595273,0.0,0.0,0.0,0.0,0.0,qlearning,frozenlake_8x8,5
0.0,1.0,0.0001,72.7869,0.0,9.8982,3.031203361111693,0.0,0.0,0.0,0.0002,0.0001,qlearning,frozenlake_8x8,6
0.0,0.0,0.0,72.4483,0.0,9.8933,2.989271213125903,0.0,0.0,0.0,0.0,0.0,qlearning,frozenlake_8x8,7
0.0,1.0,0.0001,72.4989,0.0,9.8873,2.9885987242450938,0.002,0.001,0.0005,0.0002,0.0001,qlearning,frozenlake_8x8,8
0.0,0.0,0.0,72.8222,0.0,9.876,3.0692327560391277,0.0,0.0,0.0,0.0,0.0,qlearning,frozenlake_8x8,9
0.0,0.0,0.0,72.4877,0.0,9.9043,3.019720881653484,0.0,0.0,0.0,0.0,0.0,qlearning,frozenlake_8x8,10
1.0,3331.0,0.3331,22.6425,0.0,13.912,0.9426058557000943,0.004,0.006,0.0175,0.1228,0.3331,qlearning,frozenlake_8x8,11
0.0,0.0,0.0,72.5308,0.0,9.8846,2.997682096087374,0.0,0.0,0.0,0.0,0.0,qlearning,frozenlake_8x8,12
0.0,0.0,0.0,72.8836,0.0,9.9361,3.0743229032377712,0.0,0.0,0.0,0.0,0.0,qlearning,frozenlake_8x8,13
0.0,1.0,0.0001,72.0418,0.0,9.9584,3.0605112590128556,0.0,0.0,0.0005,0.0002,0.0001,qlearning,frozenlake_8x8,14
0.0,0.0,0.0,72.5624,0.0,9.9123,3.067049693374429,0.0,0.0,0.0,0.0,0.0,qlearning,frozenlake_8x8,15
0.0,0.0,0.0,72.485,0.0,9.8997,3.037423408415634,0.0,0.0,0.0,0.0,0.0,qlearning,frozenlake_8x8,16
0.0,0.0,0.0,72.7987,0.0,9.9367,3.030499207554385,0.0,0.0,0.0,0.0,0.0,qlearning,frozenlake_8x8,17
0.0,0.0,0.0,72.561,0.0,9.9009,2.9889020426780917,0.0,0.0,0.0,0.0,0.0,qlearning,frozenlake_8x8,18
0.0,0.0,0.0,72.4199,0.0,9.8596,3.1481356776785105,0.0,0.0,0.0,0.0,0.0,qlearning,frozenlake_8x8,19
0.0,0.0,0.0,72.6013,0.0,9.8755,3.063698354526423,0.0,0.0,0.0,0.0,0.0,qlearning,frozenlake_8x8,20
0.0,0.0,0.0,72.4729,0.0,9.8739,3.056677951652091,0.0,0.0,0.0,0.0,0.0,qlearning,frozenlake_8x8,21
0.0,1.0,0.0001,72.2558,0.0,9.897,3.1857843943871558,0.0,0.0,0.0005,0.0002,0.0001,qlearning,frozenlake_8x8,22
0.0,1.0,0.0001,72.5065,0.0,9.8877,3.02044503565412,0.0,0.001,0.0005,0.0002,0.0001,qlearning,frozenlake_8x8,23
0.0,0.0,0.0,72.3767,0.0,9.9428,3.025540091271978,0.0,0.0,0.0,0.0,0.0,qlearning,frozenlake_8x8,24
0.0,0.0,0.0,72.201,0.0,9.8822,3.0489556806278415,0.0,0.0,0.0,0.0,0.0,qlearning,frozenlake_8x8,25
0.0,2.0,0.0002,72.3071,0.0,9.9344,2.9975257796468213,0.002,0.001,0.001,0.0004,0.0002,qlearning,frozenlake_8x8,26
1.0,3322.5,0.3323,22.9111,0.0,13.7979,0.9623732569743879,0.004,0.004,0.0165,0.1122,0.3323,qlearning,frozenlake_8x8,27
1.0,3349.5,0.335,23.3314,0.0,13.8316,0.9745233267312869,0.002,0.005,0.0205,0.114,0.335,qlearning,frozenlake_8x8,28
0.0,0.0,0.0,72.794,0.0,9.8879,3.062687357654795,0.0,0.0,0.0,0.0,0.0,qlearning,frozenlake_8x8,29
0.214,599.5,0.06,49.2564,0.0,15.7346,2.089246994641144,0.0,0.001,0.0025,0.008,0.06,qlearning,frozenlake_8x8_stochastic,0
0.0,0.0,0.0,50.7266,0.0,11.526,2.159176200220827,0.0,0.0,0.0,0.0,0.0,qlearning,frozenlake_8x8_stochastic,1
0.0,0.0,0.0,50.6453,0.0,11.5845,2.1500221990863793,0.0,0.0,0.0,0.0,0.0,qlearning,frozenlake_8x8_stochastic,2
0.194,644.0,0.0644,49.6091,0.0,15.8858,2.1454578725388274,0.004,0.003,0.0035,0.0112,0.0644,qlearning,frozenlake_8x8_stochastic,3
0.158,603.5,0.0604,49.5849,0.0,15.8541,2.2043286758707836,0.0,0.001,0.001,0.0106,0.0604,qlearning,frozenlake_8x8_stochastic,4
0.3,658.0,0.0658,49.1623,0.0,15.8134,2.0898092674906366,0.002,0.004,0.003,0.0118,0.0658,qlearning,frozenlake_8x8_stochastic,5
0.38,604.0,0.0604,49.4258,0.0,15.8139,2.1362579584820196,0.008,0.004,0.0055,0.0112,0.0604,qlearning,frozenlake_8x8_stochastic,6
0.204,630.0,0.063,49.0223,0.0,15.7733,2.1109922961331904,0.0,0.001,0.0025,0.0096,0.063,qlearning,frozenlake_8x8_stochastic,7
0.408,660.0,0.066,48.5268,0.0,15.8361,2.0575677361921407,0.002,0.004,0.0035,0.0126,0.066,qlearning,frozenlake_8x8_stochastic,8
0.21,635.5,0.0636,49.378,0.0,15.8147,2.1052068124408834,0.002,0.001,0.0015,0.0098,0.0636,qlearning,frozenlake_8x8_stochastic,9
0.278,636.0,0.0636,49.1787,0.0,15.8376,2.084156993252691,0.002,0.001,0.0015,0.0104,0.0636,qlearning,frozenlake_8x8_stochastic,10
0.46,581.0,0.0581,49.0006,0.0,15.7524,2.0973231036914513,0.0,0.002,0.0025,0.0112,0.0581,qlearning,frozenlake_8x8_stochastic,11
0.352,588.0,0.0588,49.5147,0.0,15.778,2.1250994174042717,0.004,0.002,0.0015,0.0094,0.0588,qlearning,frozenlake_8x8_stochastic,12
0.376,564.0,0.0564,49.1707,0.0,15.5428,2.0964478671667166,0.0,0.0,0.0,0.0082,0.0564,qlearning,frozenlake_8x8_stochastic,13
0.3,653.5,0.0654,49.538,0.0,15.8911,2.092261756246444,0.004,0.003,0.003,0.0086,0.0654,qlearning,frozenlake_8x8_stochastic,14
0.158,669.0,0.0669,49.1391,0.0,15.8298,2.1020225188112818,0.0,0.001,0.001,0.0116,0.0669,qlearning,frozenlake_8x8_stochastic,15
0.352,613.0,0.0613,49.0444,0.0,15.8197,2.1181513876654208,0.002,0.001,0.0025,0.01,0.0613,qlearning,frozenlake_8x8_stochastic,16
0.0,2.0,0.0002,50.4333,0.0,11.5573,2.1432894348399714,0.0,0.0,0.0005,0.0004,0.0002,qlearning,frozenlake_8x8_stochastic,17
0.008,670.0,0.067,48.8874,0.0,15.7969,2.09801596775651,0.0,0.001,0.001,0.0072,0.067,qlearning,frozenlake_8x8_stochastic,18
0.14,614.5,0.0615,49.366,0.0,15.7876,2.0892592689488083,0.004,0.003,0.003,0.0126,0.0615,qlearning,frozenlake_8x8_stochastic,19
0.314,669.5,0.067,49.6341,0.0,15.841,2.103304057032801,0.004,0.002,0.0045,0.0102,0.067,qlearning,frozenlake_8x8_stochastic,20
0.42,643.0,0.0643,48.866,0.0,15.7806,2.0582080216845497,0.002,0.001,0.0015,0.012,0.0643,qlearning,frozenlake_8x8_stochastic,21
0.0,1.0,0.0001,50.23,0.0,11.5465,2.179267480794806,0.0,0.0,0.0,0.0002,0.0001,qlearning,frozenlake_8x8_stochastic,22
0.574,669.5,0.067,49.2289,0.0,15.825,2.090961902809795,0.002,0.002,0.004,0.0122,0.067,qlearning,frozenlake_8x8_stochastic,23
0.172,613.0,0.0613,48.7897,0.0,15.7184,2.0648039640509523,0.004,0.004,0.0065,0.0104,0.0613,qlearning,frozenlake_8x8_stochastic,24
0.41,648.0,0.0648,48.9737,0.0,15.828,2.1101250993087888,0.002,0.001,0.002,0.0096,0.0648,qlearning,frozenlake_8x8_stochastic,25
0.328,684.5,0.0685,49.0381,0.0,15.8362,2.119899532350246,0.002,0.001,0.003,0.0126,0.0685,qlearning,frozenlake_8x8_stochastic,26
0.364,595.0,0.0595,49.4853,0.0,15.8555,2.100420643342659,0.004,0.003,0.004,0.0112,0.0595,qlearning,frozenlake_8x8_stochastic,27
0.274,675.0,0.0675,49.6641,0.0,15.801,2.103520620323252,0.004,0.003,0.005,0.0108,0.0675,qlearning,frozenlake_8x8_stochastic,28
0.518,612.0,0.0612,48.9603,0.0,15.7313,2.0770345860510133,0.002,0.001,0.0035,0.0102,0.0612,qlearning,frozenlake_8x8_stochastic,29
1.0,4148.0,0.4148,7.0107,0.0,5.6408,0.30367510055657476,0.018,0.024,0.044,0.1482,0.4148,qlearning,custom_loop,0
1.0,4119.5,0.412,7.1871,0.0,5.7238,0.3293279304052703,0.02,0.021,0.038,0.1418,0.412,qlearning,custom_loop,1
1.0,4106.5,0.4107,7.1515,0.0,5.6982,0.2981762387789786,0.022,0.026,0.038,0.1414,0.4107,qlearning,custom_loop,2
1.0,4118.5,0.4119,7.1536,0.0,5.7249,0.29690986312925816,0.018,0.025,0.041,0.1444,0.4119,qlearning,custom_loop,3
1.0,4071.5,0.4072,7.1209,0.0,5.6924,0.2990234399330802,0.01,0.023,0.037,0.1436,0.4072,qlearning,custom_loop,4
1.0,3976.5,0.3977,7.162,0.0,5.6778,0.29879069147864357,0.022,0.023,0.035,0.1318,0.3977,qlearning,custom_loop,5
1.0,4174.5,0.4175,7.0512,0.0,5.679,0.2939374056295492,0.014,0.018,0.0375,0.15,0.4175,qlearning,custom_loop,6
1.0,4096.5,0.4097,7.017,0.0,5.6574,0.29709466837812215,0.016,0.027,0.0475,0.1512,0.4097,qlearning,custom_loop,7
1.0,4158.5,0.4159,6.982,0.0,5.6491,0.2947971732937731,0.018,0.031,0.05,0.1622,0.4159,qlearning,custom_loop,8
1.0,4122.5,0.4123,7.1803,0.0,5.7157,0.29917680320795625,0.014,0.028,0.043,0.141,0.4123,qlearning,custom_loop,9
1.0,4080.5,0.4081,7.1277,0.0,5.7163,0.2951932182186283,0.022,0.024,0.0425,0.1386,0.4081,qlearning,custom_loop,10
1.0,4064.5,0.4065,7.1215,0.0,5.6908,0.2980409437441267,0.032,0.02,0.04,0.1414,0.4065,qlearning,custom_loop,11
1.0,4019.5,0.402,7.1514,0.0,5.6912,0.29356708558043465,0.02,0.029,0.036,0.1388,0.402,qlearning,custom_loop,12
1.0,4040.5,0.4041,7.1103,0.0,5.6939,0.29938062670407817,0.02,0.022,0.0385,0.1356,0.4041,qlearning,custom_loop,13
1.0,4096.5,0.4097,7.1208,0.0,5.6985,0.2971302074729465,0.014,0.021,0.035,0.1408,0.4097,qlearning,custom_loop,14
1.0,4073.5,0.4074,7.1995,0.0,5.7134,0.2982369452365674,0.024,0.026,0.045,0.1414,0.4074,qlearning,custom_loop,15
1.0,4037.5,0.4038,7.1371,0.0,5.691,0.30112948635360226,0.022,0.029,0.0405,0.143,0.4038,qlearning,custom_loop,16
1.0,4015.5,0.4016,7.17,0.0,5.6934,0.3035579907009378,0.014,0.014,0.033,0.1336,0.4016,qlearning,custom_loop,17
1.0,4093.5,0.4094,7.164,0.0,5.7092,0.3231669873930514,0.016,0.02,0.037,0.1426,0.4094,qlearning,custom_loop,18
1.0,4113.5,0.4114,7.0408,0.0,5.6218,0.2903924539568834,0.02,0.021,0.039,0.1566,0.4114,qlearning,custom_loop,19
1.0,4134.5,0.4135,6.9743,0.0,5.6266,0.29422387923114,0.02,0.029,0.0485,0.1518,0.4135,qlearning,custom_loop,20
1.0,3997.5,0.3998,7.1096,0.0,5.6867,0.29581918282201514,0.016,0.016,0.032,0.1378,0.3998,qlearning,custom_loop,21
1.0,4164.5,0.4165,6.9858,0.0,5.6653,0.29007093381369486,0.016,0.021,0.0435,0.1508,0.4165,qlearning,custom_loop,22
1.0,4023.5,0.4024,7.0382,0.0,5.6602,0.29355890583246946,0.018,0.025,0.039,0.1416,0.4024,qlearning,custom_loop,23
1.0,4057.5,0.4058,7.1212,0.0,5.6952,0.29551102296682075,0.024,0.023,0.04,0.145,0.4058,qlearning,custom_loop,24
1.0,4105.5,0.4106,7.1757,0.0,5.6955,0.299922187870834,0.01,0.016,0.0415,0.1482,0.4106,qlearning,custom_loop,25
1.0,4039.5,0.404,7.1272,0.0,5.6771,0.29651801381260157,0.012,0.017,0.031,0.1452,0.404,qlearning,custom_loop,26
1.0,4179.5,0.418,6.9821,0.0,5.6589,0.28998435445828363,0.016,0.021,0.0485,0.1574,0.418,qlearning,custom_loop,27
1.0,4109.5,0.411,7.1315,0.0,5.7092,0.2993106436333619,0.024,0.029,0.0445,0.1456,0.411,qlearning,custom_loop,28
1.0,4101.5,0.4102,6.9889,0.0,5.6205,0.2917788266786374,0.01,0.021,0.0375,0.1408,0.4102,qlearning,custom_loop,29
1.0,4066.5,0.4067,7.084,0.19849525037676843,5.7061,0.3110102877835743,0.01,0.022,0.0435,0.1418,0.4067,stm,frozenlake_4x4,0
1.0,4087.5,0.4088,7.1654,0.1995583071740551,5.7515,0.31678659497993067,0.018,0.017,0.036,0.142,0.4088,stm,frozenlake_4x4,1
1.0,4108.5,0.4109,7.0939,0.19548858690069174,5.6971,0.3107743328437209,0.02,0.025,0.045,0.1464,0.4109,stm,frozenlake_4x4,2
1.0,4130.5,0.4131,7.1045,0.19571035614654284,5.7337,0.3138952435692772,0.014,0.026,0.0415,0.1484,0.4131,stm,frozenlake_4x4,3
1.0,4055.5,0.4056,7.0858,0.19510553286905352,5.7284,0.3202573937596753,0.006,0.027,0.0415,0.1468,0.4056,stm,frozenlake_4x4,4
1.0,4000.5,0.4001,7.0996,0.19803163866268453,5.6855,0.3249378514592536,0.026,0.025,0.042,0.1404,0.4001,stm,frozenlake_4x4,5
1.0,4084.5,0.4085,7.1586,0.19831705285777868,5.7393,0.37142442545155063,0.014,0.016,0.036,0.1458,0.4085,stm,frozenlake_4x4,6
1.0,4106.5,0.4107,7.1106,0.19479031534858143,5.7386,0.3315515216672793,0.018,0.029,0.0485,0.156,0.4107,stm,frozenlake_4x4,7
1.0,4158.5,0.4159,7.057,0.19736385929859424,5.6981,0.34006277209846303,0.016,0.03,0.0495,0.1608,0.4159,stm,frozenlake_4x4,8
1.0,4076.5,0.4077,7.0862,0.1968432933708487,5.6951,0.3269431689986959,0.012,0.026,0.047,0.148,0.4077,stm,frozenlake_4x4,9
1.0,4053.5,0.4054,7.134,0.1985950758474696,5.7509,0.3147233663476072,0.02,0.023,0.0415,0.14,0.4054,stm,frozenlake_4x4,10
1.0,4068.5,0.4069,7.0572,0.1983901480194695,5.6842,0.32703682279679924,0.03,0.02,0.0425,0.144,0.4069,stm,frozenlake_4x4,11
1.0,4062.5,0.4063,7.0884,0.19741952231149504,5.7156,0.31435159977991134,0.016,0.031,0.0425,0.1458,0.4063,stm,frozenlake_4x4,12
1.0,4040.5,0.4041,7.0228,0.19398086546581608,5.6866,0.3116136518656276,0.02,0.023,0.045,0.1416,0.4041,stm,frozenlake_4x4,13
1.0,4111.5,0.4112,7.1081,0.19880921642270277,5.7105,0.31443940254393965,0.01,0.02,0.0365,0.1446,0.4112,stm,frozenlake_4x4,14
1.0,4061.5,0.4062,7.2349,0.20177376237808659,5.7852,0.3204863870632835,0.024,0.028,0.0455,0.1428,0.4062,stm,frozenlake_4x4,15
1.0,4074.5,0.4075,7.1633,0.19980312195717612,5.7415,0.3129341099993326,0.016,0.03,0.042,0.1464,0.4075,stm,frozenlake_4x4,16
1.0,4007.5,0.4008,7.0899,0.19666601498239347,5.7099,0.3162132892757654,0.016,0.018,0.034,0.1374,0.4008,stm,frozenlake_4x4,17
1.0,4101.5,0.4102,7.2831,0.2022714685588732,5.8047,0.3276784571353346,0.014,0.02,0.04,0.1436,0.4102,stm,frozenlake_4x4,18
1.0,4101.5,0.4102,7.1081,0.20112320531910355,5.6992,0.31000199069967493,0.02,0.021,0.0375,0.1494,0.4102,stm,frozenlake_4x4,19
1.0,4029.5,0.403,7.0292,0.19353249807031325,5.675,0.32998597680125386,0.02,0.027,0.0485,0.1464,0.403,stm,frozenlake_4x4,20
1.0,4083.5,0.4084,7.0644,0.19500092179223155,5.711,0.3109243143699132,0.016,0.018,0.0445,0.1474,0.4084,stm,frozenlake_4x4,21
1.0,4066.5,0.4067,7.1585,0.195747715216094,5.7598,0.3107032118132338,0.02,0.022,0.042,0.1484,0.4067,stm,frozenlake_4x4,22
1.0,4022.5,0.4023,7.0421,0.19547906494569625,5.7008,0.30820545257302,0.014,0.024,0.0435,0.1438,0.4023,stm,frozenlake_4x4,23
1.0,4102.5,0.4103,7.2305,0.199514185657149,5.7999,0.31823174114106223,0.026,0.025,0.043,0.1528,0.4103,stm,frozenlake_4x4,24
1.0,4128.5,0.4129,7.1152,0.19715489166420197,5.7248,0.3107014652923681,0.01,0.018,0.043,0.1518,0.4129,stm,frozenlake_4x4,25
1.0,4107.5,0.4108,7.1601,0.19976862420033759,5.741,0.316873662348371,0.012,0.016,0.033,0.151,0.4108,stm,frozenlake_4x4,26
1.0,4128.5,0.4129,7.1457,0.19778366140669695,5.7635,0.31872726016445085,0.018,0.025,0.045,0.1548,0.4129,stm,frozenlake_4x4,27
1.0,4084.5,0.4085,7.1355,0.1971861560398507,5.7515,0.3121538399136625,0.026,0.034,0.0505,0.1492,0.4085,stm,frozenlake_4x4,28
1.0,4013.5,0.4014,7.0775,0.1962972000865054,5.7172,0.3129670406342484,0.014,0.022,0.0405,0.1374,0.4014,stm,frozenlake_4x4,29
1.0,3595.5,0.3596,19.0815,0.2678667390728176,12.9856,0.8501791778253391,0.002,0.002,0.0035,0.0686,0.3596,stm,frozenlake_8x8,0
1.0,3158.5,0.3159,17.1493,0.2544533767237543,11.8968,0.7503767582820728,0.002,0.002,0.001,0.0042,0.3159,stm,frozenlake_8x8,1
1.0,3592.5,0.3593,18.4932,0.2595997334077109,12.7714,0.8140285189147107,0.004,0.003,0.003,0.0548,0.3593,stm,frozenlake_8x8,2
1.0,2581.0,0.2582,15.6117,0.23963949263432496,11.031,0.6809889868600294,0.004,0.003,0.002,0.003,0.2582,stm,frozenlake_8x8,3
0.0,18.0,0.0018,12.3203,0.2244899754315648,8.2812,0.5462853773497045,0.0,0.0,0.0015,0.002,0.0018,stm,frozenlake_8x8,4
1.0,3532.5,0.3533,18.9045,0.2665454578719367,12.8528,0.89707787433872,0.002,0.003,0.003,0.061,0.3533,stm,frozenlake_8x8,5
0.0,13.0,0.0013,12.3732,0.2258092874937207,8.3123,0.5576363854343072,0.0,0.001,0.001,0.0012,0.0013,stm,frozenlake_8x8,6
1.0,2597.5,0.2598,15.7764,0.24212397885383152,11.1034,0.7335334272356704,0.002,0.002,0.001,0.003,0.2598,stm,frozenlake_8x8,7
1.0,1890.5,0.1891,14.3836,0.23377100994195907,10.1536,0.6511948983534239,0.002,0.002,0.002,0.0016,0.1891,stm,frozenlake_8x8,8
1.0,3133.5,0.3134,17.1346,0.2542844023849706,11.9101,0.7896555859479122,0.0,0.0,0.001,0.004,0.3134,stm,frozenlake_8x8,9
1.0,582.5,0.0583,12.7176,0.22358588552401792,8.8247,0.580766728729941,0.0,0.001,0.0015,0.0026,0.0583,stm,frozenlake_8x8,10
1.0,3574.5,0.3575,19.2897,0.26155862250297246,13.1469,0.9101286957738921,0.004,0.005,0.003,0.08,0.3575,stm,frozenlake_8x8,11
0.0,12.0,0.0012,12.3102,0.22590227486696762,8.2799,0.5678533855825663,0.0,0.0,0.0005,0.001,0.0012,stm,frozenlake_8x8,12
0.0,0.0,0.0,12.3421,0.2256516972061112,8.2777,0.6392812095582485,0.0,0.0,0.0,0.0,0.0,stm,frozenlake_8x8,13
1.0,3599.5,0.36,18.5585,0.26401831616119426,12.7454,0.884300714766141,0.0,0.003,0.0045,0.0624,0.36,stm,frozenlake_8x8,14
0.0,7.0,0.0007,12.2583,0.22780761352774742,8.278,0.5420707787270658,0.0,0.0,0.0005,0.001,0.0007,stm,frozenlake_8x8,15
0.0,13.0,0.0013,12.263,0.22542237288364955,8.2749,0.5675978566869162,0.002,0.001,0.0005,0.0016,0.0013,stm,frozenlake_8x8,16
0.0,6.0,0.0006,12.3255,0.22570218568799447,8.2965,0.6049678418203257,0.0,0.0,0.0,0.0006,0.0006,stm,frozenlake_8x8,17
1.0,3335.5,0.3336,18.3014,0.2624876667210745,12.4891,0.8108631263603456,0.0,0.001,0.004,0.0518,0.3336,stm,frozenlake_8x8,18
0.0,0.0,0.0,12.2067,0.2237951314548763,8.2445,0.5364841373520903,0.0,0.0,0.0,0.0,0.0,stm,frozenlake_8x8,19
1.0,3094.5,0.3095,17.0418,0.2534292757209325,11.9102,0.7522616639616899,0.0,0.002,0.002,0.004,0.3095,stm,frozenlake_8x8,20
1.0,3192.5,0.3193,17.8361,0.2592454739323508,12.2645,0.8672818077611737,0.0,0.001,0.0005,0.0342,0.3193,stm,frozenlake_8x8,21
1.0,3342.5,0.3343,17.7988,0.25860246544483945,12.3401,1.0223250237177126,0.0,0.0,0.0025,0.0282,0.3343,stm,frozenlake_8x8,22
0.0,0.0,0.0,12.2669,0.22710509405654566,8.2698,0.6462439909228124,0.0,0.0,0.0,0.0,0.0,stm,frozenlake_8x8,23
0.0,6.0,0.0006,12.1821,0.2236523546677785,8.2306,0.6081360421376303,0.0,0.0,0.0005,0.0012,0.0006,stm,frozenlake_8x8,24
1.0,3338.5,0.3339,18.5116,0.26180590084075145,12.6927,1.0908991926116869,0.002,0.004,0.0035,0.053,0.3339,stm,frozenlake_8x8,25
1.0,2724.0,0.2724,16.1113,0.2479479029493008,11.3535,0.9757011022302322,0.002,0.001,0.0025,0.0034,0.2724,stm,frozenlake_8x8,26
1.0,3238.0,0.3238,18.8807,0.2638520632183344,12.8498,1.0651852243463509,0.002,0.004,0.003,0.0658,0.3238,stm,frozenlake_8x8,27
1.0,2879.5,0.288,16.4015,0.246949292930468,11.5608,0.807177692069672,0.002,0.001,0.0035,0.0044,0.288,stm,frozenlake_8x8,28
1.0,3540.5,0.3541,18.2235,0.2600709923469672,12.608,0.8712016809149645,0.0,0.0,0.004,0.048,0.3541,stm,frozenlake_8x8,29
0.0,25.0,0.0025,21.4543,0.38558453321522507,10.8195,0.9978266125544906,0.0,0.001,0.001,0.0018,0.0025,stm,frozenlake_8x8_stochastic,0
0.004,17.0,0.0017,21.4115,0.38853626452400286,10.7788,0.9691313139628619,0.002,0.002,0.001,0.0016,0.0017,stm,frozenlake_8x8_stochastic,1
0.002,24.0,0.0024,21.1741,0.3831187205022536,10.7235,0.9817032880964689,0.006,0.004,0.0035,0.002,0.0024,stm,frozenlake_8x8_stochastic,2
0.004,29.0,0.0029,21.1955,0.38552948970176765,10.7466,0.9579612764646299,0.002,0.003,0.0025,0.0026,0.0029,stm,frozenlake_8x8_stochastic,3
0.008,14.0,0.0014,21.4313,0.3891300692796236,10.7504,1.0008509960607626,0.002,0.002,0.001,0.0004,0.0014,stm,frozenlake_8x8_stochastic,4
0.006,20.0,0.002,21.38,0.38756982564209486,10.7544,0.9586518589640036,0.0,0.0,0.0015,0.0016,0.002,stm,frozenlake_8x8_stochastic,5
0.004,32.0,0.0032,21.3147,0.38671679492766536,10.775,0.9528427469194867,0.0,0.001,0.002,0.0024,0.0032,stm,frozenlake_8x8_stochastic,6
0.008,22.0,0.0022,21.3386,0.38552503728015197,10.7845,0.9812789020361379,0.0,0.001,0.0015,0.0018,0.0022,stm,frozenlake_8x8_stochastic,7
0.002,21.0,0.0021,21.2023,0.38547826014999953,10.7411,1.0125036215176806,0.0,0.001,0.0005,0.0014,0.0021,stm,frozenlake_8x8_stochastic,8
0.0,18.0,0.0018,21.2914,0.3857609966399524,10.7559,1.0218191868043505,0.002,0.003,0.003,0.0022,0.0018,stm,frozenlake_8x8_stochastic,9
0.004,23.0,0.0023,21.1477,0.3855145143878703,10.6623,0.9537156369187869,0.002,0.002,0.0015,0.0018,0.0023,stm,frozenlake_8x8_stochastic,10
0.002,30.0,0.003,21.4032,0.38367946283633697,10.794,0.9862594775622711,0.002,0.001,0.003,0.0022,0.003,stm,frozenlake_8x8_stochastic,11
0.014,24.0,0.0024,21.2746,0.3860429341528964,10.7304,0.9587128781713545,0.0,0.0,0.002,0.0022,0.0024,stm,frozenlake_8x8_stochastic,12
0.002,25.0,0.0025,21.5104,0.3871598303454542,10.8041,0.976588224992156,0.0,0.0,0.001,0.001,0.0025,stm,frozenlake_8x8_stochastic,13
0.002,25.0,0.0025,21.3925,0.38744596021087857,10.7716,0.9927590147708543,0.006,0.003,0.0025,0.0028,0.0025,stm,frozenlake_8x8_stochastic,14
0.008,44.0,0.0044,21.4959,0.3895662074789838,10.8209,1.1310991772334091,0.002,0.003,0.003,0.0032,0.0044,stm,frozenlake_8x8_stochastic,15
0.006,15.0,0.0015,21.1781,0.3871419455358356,10.6888,1.0050452841678634,0.002,0.002,0.001,0.0014,0.0015,stm,frozenlake_8x8_stochastic,16
0.002,23.0,0.0023,21.3543,0.38637772622300925,10.7902,0.9701555101200938,0.0,0.001,0.001,0.002,0.0023,stm,frozenlake_8x8_stochastic,17
0.012,25.0,0.0025,21.6495,0.38919582767892696,10.8253,0.9823926429962739,0.004,0.004,0.0025,0.002,0.0025,stm,frozenlake_8x8_stochastic,18
0.006,26.0,0.0026,21.3159,0.38599985155977345,10.7557,0.9582328788819723,0.002,0.002,0.002,0.002,0.0026,stm,frozenlake_8x8_stochastic,19
0.006,25.0,0.0025,21.145,0.3849474683641821,10.6909,0.9525465362821706,0.002,0.002,0.0015,0.0012,0.0025,stm,frozenlake_8x8_stochastic,20
0.006,12.0,0.0012,21.2208,0.3870473699826265,10.7037,0.9510017989086919,0.002,0.001,0.001,0.0006,0.0012,stm,frozenlake_8x8_stochastic,21
0.002,21.0,0.0021,21.2361,0.3848924560352709,10.7341,0.9532783119939268,0.002,0.001,0.0015,0.002,0.0021,stm,frozenlake_8x8_stochastic,22
0.0,24.0,0.0024,21.4269,0.3875705324327365,10.7657,0.9640733925625682,0.0,0.0,0.0015,0.002,0.0024,stm,frozenlake_8x8_stochastic,23
0.002,21.0,0.0021,21.1506,0.3829136642274869,10.7259,0.9486281692516059,0.004,0.002,0.001,0.0012,0.0021,stm,frozenlake_8x8_stochastic,24
0.002,26.0,0.0026,21.3586,0.38940348791724655,10.7446,0.9533204328035936,0.0,0.003,0.0045,0.0024,0.0026,stm,frozenlake_8x8_stochastic,25
0.004,41.0,0.0041,21.4558,0.38838564793862557,10.7859,0.9620714002521709,0.002,0.001,0.0025,0.0026,0.0041,stm,frozenlake_8x8_stochastic,26
0.006,26.0,0.0026,21.388,0.38629209900041156,10.7592,0.9599191439920105,0.004,0.004,0.003,0.0032,0.0026,stm,frozenlake_8x8_stochastic,27
0.002,24.0,0.0024,21.1934,0.38563856364844085,10.7368,0.9720151835936122,0.002,0.002,0.003,0.0032,0.0024,stm,frozenlake_8x8_stochastic,28
0.006,25.0,0.0025,21.3542,0.38673325422063065,10.7646,0.9570875928038731,0.002,0.003,0.002,0.0024,0.0025,stm,frozenlake_8x8_stochastic,29
1.0,4066.5,0.4067,7.084,0.19849525037676843,5.7061,0.3104804084287025,0.01,0.022,0.0435,0.1418,0.4067,stm,custom_loop,0
1.0,4087.5,0.4088,7.1654,0.1995583071740551,5.7515,0.31895067455479875,0.018,0.017,0.036,0.142,0.4088,stm,custom_loop,1
1.0,4108.5,0.4109,7.0939,0.19548858690069174,5.6971,0.3135934715392068,0.02,0.025,0.045,0.1464,0.4109,stm,custom_loop,2
1.0,4130.5,0.4131,7.1045,0.19571035614654284,5.7337,0.3141306323232129,0.014,0.026,0.0415,0.1484,0.4131,stm,custom_loop,3
1.0,4055.5,0.4056,7.0858,0.19510553286905352,5.7284,0.31228740664664656,0.006,0.027,0.0415,0.1468,0.4056,stm,custom_loop,4
1.0,4000.5,0.4001,7.0996,0.19803163866268453,5.6855,0.3127601255546324,0.026,0.025,0.042,0.1404,0.4001,stm,custom_loop,5
1.0,4084.5,0.4085,7.1586,0.19831705285777868,5.7393,0.31498092331457883,0.014,0.016,0.036,0.1458,0.4085,stm,custom_loop,6
1.0,4106.5,0.4107,7.1106,0.19479031534858143,5.7386,0.3133022325928323,0.018,0.029,0.0485,0.156,0.4107,stm,custom_loop,7
1.0,4158.5,0.4159,7.057,0.19736385929859424,5.6981,0.31039977323962376,0.016,0.03,0.0495,0.1608,0.4159,stm,custom_loop,8
1.0,4076.5,0.4077,7.0862,0.1968432933708487,5.6951,0.31011568289250135,0.012,0.026,0.047,0.148,0.4077,stm,custom_loop,9
1.0,4053.5,0.4054,7.134,0.1985950758474696,5.7509,0.3349195812479593,0.02,0.023,0.0415,0.14,0.4054,stm,custom_loop,10
1.0,4068.5,0.4069,7.0572,0.1983901480194695,5.6842,0.3102973795030266,0.03,0.02,0.0425,0.144,0.4069,stm,custom_loop,11
1.0,4062.5,0.4063,7.0884,0.19741952231149504,5.7156,0.31277761625824496,0.016,0.031,0.0425,0.1458,0.4063,stm,custom_loop,12
1.0,4040.5,0.4041,7.0228,0.19398086546581608,5.6866,0.3085892485687509,0.02,0.023,0.045,0.1416,0.4041,stm,custom_loop,13
1.0,4111.5,0.4112,7.1081,0.19880921642270277,5.7105,0.3114984679268673,0.01,0.02,0.0365,0.1446,0.4112,stm,custom_loop,14
1.0,4061.5,0.4062,7.2349,0.20177376237808659,5.7852,0.31722566089592874,0.024,0.028,0.0455,0.1428,0.4062,stm,custom_loop,15
1.0,4074.5,0.4075,7.1633,0.19980312195717612,5.7415,0.3153183750109747,0.016,0.03,0.042,0.1464,0.4075,stm,custom_loop,16
1.0,4007.5,0.4008,7.0899,0.19666601498239347,5.7099,0.3115957965492271,0.016,0.018,0.034,0.1374,0.4008,stm,custom_loop,17
1.0,4101.5,0.4102,7.2831,0.2022714685588732,5.8047,0.32060464745154604,0.014,0.02,0.04,0.1436,0.4102,stm,custom_loop,18
1.0,4101.5,0.4102,7.1081,0.20112320531910355,5.6992,0.3140947188367136,0.02,0.021,0.0375,0.1494,0.4102,stm,custom_loop,19
1.0,4029.5,0.403,7.0292,0.19353249807031325,5.675,0.3109703008085489,0.02,0.027,0.0485,0.1464,0.403,stm,custom_loop,20
1.0,4083.5,0.4084,7.0644,0.19500092179223155,5.711,0.3129808577359654,0.016,0.018,0.0445,0.1474,0.4084,stm,custom_loop,21
1.0,4066.5,0.4067,7.1585,0.195747715216094,5.7598,0.3386847857036628,0.02,0.022,0.042,0.1484,0.4067,stm,custom_loop,22
1.0,4022.5,0.4023,7.0421,0.19547906494569625,5.7008,0.30983744689729065,0.014,0.024,0.0435,0.1438,0.4023,stm,custom_loop,23
1.0,4102.5,0.4103,7.2305,0.199514185657149,5.7999,0.3183326536673121,0.026,0.025,0.043,0.1528,0.4103,stm,custom_loop,24
1.0,4128.5,0.4129,7.1152,0.19715489166420197,5.7248,0.3120640686247498,0.01,0.018,0.043,0.1518,0.4129,stm,custom_loop,25
1.0,4107.5,0.4108,7.1601,0.19976862420033759,5.741,0.3127105987514369,0.012,0.016,0.033,0.151,0.4108,stm,custom_loop,26
1.0,4128.5,0.4129,7.1457,0.19778366140669695,5.7635,0.31373224075650796,0.018,0.025,0.045,0.1548,0.4129,stm,custom_loop,27
1.0,4084.5,0.4085,7.1355,0.1971861560398507,5.7515,0.317454821721185,0.026,0.034,0.0505,0.1492,0.4085,stm,custom_loop,28
1.0,4013.5,0.4014,7.0775,0.1962972000865054,5.7172,0.3115790293668397,0.014,0.022,0.0405,0.1374,0.4014,stm,custom_loop,29
1.0,3929.5,0.393,7.816,0.0,5.6859,0.3902129005291499,0.02,0.027,0.0415,0.125,0.393,ltm,frozenlake_4x4,0
1.0,3896.5,0.3897,7.8499,0.0,5.6945,0.38318925665225834,0.024,0.024,0.0455,0.1398,0.3897,ltm,frozenlake_4x4,1
1.0,3792.5,0.3793,8.0273,0.0,5.6578,0.42164335696725175,0.024,0.031,0.046,0.1274,0.3793,ltm,frozenlake_4x4,2
1.0,3843.5,0.3844,7.7994,0.0,5.6757,0.38100563432089984,0.018,0.026,0.04,0.1216,0.3844,ltm,frozenlake_4x4,3
1.0,3927.5,0.3928,7.7983,0.0,5.7318,0.38497670885408297,0.012,0.028,0.042,0.1366,0.3928,ltm,frozenlake_4x4,4
1.0,3833.5,0.3834,7.6867,0.0,5.6546,0.5168886514147744,0.026,0.026,0.0385,0.125,0.3834,ltm,frozenlake_4x4,5
1.0,3819.5,0.382,7.8382,0.0,5.6677,0.3842708362499252,0.014,0.022,0.039,0.1274,0.382,ltm,frozenlake_4x4,6
1.0,3906.5,0.3907,7.7563,0.0,5.699,0.3757285788306035,0.016,0.029,0.0465,0.1362,0.3907,ltm,frozenlake_4x4,7
1.0,3907.5,0.3908,7.7659,0.0,5.712,0.37679912958992645,0.012,0.029,0.0465,0.145,0.3908,ltm,frozenlake_4x4,8
1.0,3822.5,0.3823,7.9099,0.0,5.6792,0.3835501386784017,0.014,0.029,0.0475,0.125,0.3823,ltm,frozenlake_4x4,9
1.0,3857.5,0.3858,7.7304,0.0,5.6689,0.37281423865351826,0.024,0.024,0.0375,0.1228,0.3858,ltm,frozenlake_4x4,10
1.0,3854.5,0.3855,7.8709,0.0,5.6889,0.3808385643642396,0.032,0.021,0.0455,0.1242,0.3855,ltm,frozenlake_4x4,11
1.0,3866.0,0.3866,7.9254,0.0,5.7062,0.3847101691062562,0.02,0.029,0.0355,0.1256,0.3866,ltm,frozenlake_4x4,12
1.0,3911.5,0.3912,7.7354,0.0,5.6971,0.3800439693732187,0.02,0.021,0.0395,0.1304,0.3912,ltm,frozenlake_4x4,13
1.0,3774.5,0.3775,7.9032,0.0,5.6547,0.3857633057050407,0.01,0.023,0.037,0.1332,0.3775,ltm,frozenlake_4x4,14
1.0,3815.5,0.3816,7.8092,0.0,5.7391,0.40788963477825746,0.022,0.029,0.0415,0.1294,0.3816,ltm,frozenlake_4x4,15
1.0,3811.5,0.3812,7.8189,0.0,5.6726,0.3815602900576778,0.02,0.03,0.042,0.1282,0.3812,ltm,frozenlake_4x4,16
1.0,3892.5,0.3893,7.8116,0.0,5.6817,0.3767505207215436,0.02,0.025,0.0415,0.122,0.3893,ltm,frozenlake_4x4,17
1.0,3890.5,0.3891,7.9424,0.0,5.7129,0.3834605209995061,0.014,0.019,0.038,0.1298,0.3891,ltm,frozenlake_4x4,18
1.0,3909.5,0.391,7.853,0.0,5.6891,0.3784673271002248,0.02,0.025,0.0445,0.1336,0.391,ltm,frozenlake_4x4,19
1.0,3865.5,0.3866,7.6691,0.0,5.6481,0.37103824893711135,0.02,0.026,0.0405,0.1268,0.3866,ltm,frozenlake_4x4,20
1.0,3869.5,0.387,7.817,0.0,5.7155,0.3864400273305364,0.022,0.02,0.037,0.127,0.387,ltm,frozenlake_4x4,21
1.0,3908.5,0.3909,7.7874,0.0,5.6975,0.37544627842726186,0.018,0.019,0.041,0.1326,0.3909,ltm,frozenlake_4x4,22
1.0,3774.5,0.3775,7.7135,0.0,5.6613,0.37347412947565317,0.018,0.027,0.0455,0.1316,0.3775,ltm,frozenlake_4x4,23
1.0,3848.5,0.3849,7.6676,0.0,5.6823,0.3695703041739762,0.024,0.023,0.039,0.1272,0.3849,ltm,frozenlake_4x4,24
1.0,3904.5,0.3905,7.7213,0.0,5.6927,0.3958734913612716,0.012,0.018,0.0445,0.1382,0.3905,ltm,frozenlake_4x4,25
1.0,3882.5,0.3883,7.8132,0.0,5.6656,0.37809599796310067,0.012,0.017,0.037,0.1368,0.3883,ltm,frozenlake_4x4,26
1.0,3791.5,0.3792,7.8099,0.0,5.6931,0.3777411837945692,0.018,0.025,0.0455,0.1288,0.3792,ltm,frozenlake_4x4,27
1.0,3899.5,0.39,7.8965,0.0,5.7051,0.38394675991730765,0.024,0.031,0.0455,0.1336,0.39,ltm,frozenlake_4x4,28
1.0,3828.5,0.3829,7.7552,0.0,5.6411,0.3757720302673988,0.014,0.02,0.0355,0.1274,0.3829,ltm,frozenlake_4x4,29
1.0,2947.0,0.2947,25.5964,0.0,14.1084,1.2218190528219566,0.002,0.002,0.0255,0.103,0.2947,ltm,frozenlake_8x8,0
1.0,3419.5,0.342,26.8121,0.0,14.5675,1.2757107225479558,0.004,0.003,0.0175,0.0892,0.342,ltm,frozenlake_8x8,1
1.0,3565.5,0.3566,27.518,0.0,14.7739,1.3137608035467565,0.002,0.004,0.0205,0.0914,0.3566,ltm,frozenlake_8x8,2
1.0,3097.0,0.3098,26.4268,0.0,14.3296,1.2614047452807426,0.004,0.009,0.0165,0.088,0.3098,ltm,frozenlake_8x8,3
0.0,0.0,0.0,72.9457,0.0,9.868,3.605984167486895,0.0,0.0,0.0,0.0,0.0,ltm,frozenlake_8x8,4
0.0,0.0,0.0,72.7892,0.0,9.8919,3.6287068538949825,0.0,0.0,0.0,0.0,0.0,ltm,frozenlake_8x8,5
1.0,2060.5,0.2061,30.3742,0.0,12.6972,1.4366164657985792,0.0,0.0,0.0,0.0168,0.2061,ltm,frozenlake_8x8,6
0.0,0.0,0.0,72.4483,0.0,9.8933,3.7307188793784007,0.0,0.0,0.0,0.0,0.0,ltm,frozenlake_8x8,7
1.0,3009.5,0.301,24.3622,0.0,13.7653,1.1833732840023004,0.002,0.001,0.011,0.0814,0.301,ltm,frozenlake_8x8,8
0.0,0.0,0.0,72.8222,0.0,9.876,3.688571132312063,0.0,0.0,0.0,0.0,0.0,ltm,frozenlake_8x8,9
0.0,0.0,0.0,72.4877,0.0,9.9043,3.6078743435791694,0.0,0.0,0.0,0.0,0.0,ltm,frozenlake_8x8,10
1.0,3376.5,0.3377,26.3769,0.0,14.454,1.2658070343313739,0.004,0.002,0.013,0.0906,0.3377,ltm,frozenlake_8x8,11
0.0,0.0,0.0,72.5308,0.0,9.8846,3.5767383799538948,0.0,0.0,0.0,0.0,0.0,ltm,frozenlake_8x8,12
0.0,0.0,0.0,72.8836,0.0,9.9361,3.6133430268382654,0.0,0.0,0.0,0.0,0.0,ltm,frozenlake_8x8,13
1.0,3336.5,0.3337,27.9468,0.0,14.5664,1.3363180759479292,0.0,0.0,0.008,0.084,0.3337,ltm,frozenlake_8x8,14
0.0,0.0,0.0,72.5624,0.0,9.9123,3.617169812670909,0.0,0.0,0.0,0.0,0.0,ltm,frozenlake_8x8,15
0.0,0.0,0.0,72.485,0.0,9.8997,3.588084704533685,0.0,0.0,0.0,0.0,0.0,ltm,frozenlake_8x8,16
0.0,0.0,0.0,72.7987,0.0,9.9367,3.6412323141121306,0.0,0.0,0.0,0.0,0.0,ltm,frozenlake_8x8,17
0.0,0.0,0.0,72.561,0.0,9.9009,3.603262360964436,0.0,0.0,0.0,0.0,0.0,ltm,frozenlake_8x8,18
0.0,0.0,0.0,72.4199,0.0,9.8596,3.606028093083296,0.0,0.0,0.0,0.0,0.0,ltm,frozenlake_8x8,19
0.0,0.0,0.0,72.6013,0.0,9.8755,3.6393608869984746,0.0,0.0,0.0,0.0,0.0,ltm,frozenlake_8x8,20
0.0,0.0,0.0,72.4729,0.0,9.8739,3.706591736525297,0.0,0.0,0.0,0.0,0.0,ltm,frozenlake_8x8,21
1.0,3117.5,0.3118,29.601,0.0,14.373,1.434079359169118,0.0,0.0,0.0085,0.092,0.3118,ltm,frozenlake_8x8,22
1.0,3454.5,0.3455,27.8897,0.0,14.6592,1.3598637973191217,0.0,0.004,0.0155,0.0884,0.3455,ltm,frozenlake_8x8,23
0.0,0.0,0.0,72.3767,0.0,9.9428,3.7644383885199204,0.0,0.0,0.0,0.0,0.0,ltm,frozenlake_8x8,24
0.0,0.0,0.0,72.201,0.0,9.8822,4.090405433264095,0.0,0.0,0.0,0.0,0.0,ltm,frozenlake_8x8,25
1.0,3325.5,0.3326,27.0444,0.0,14.5703,1.411135211121291,0.002,0.004,0.017,0.0924,0.3326,ltm,frozenlake_8x8,26
1.0,3460.5,0.3461,27.3035,0.0,14.642,1.3799983956851065,0.006,0.008,0.0175,0.0952,0.3461,ltm,frozenlake_8x8,27
1.0,3273.5,0.3274,26.8541,0.0,14.4898,1.3624761005630717,0.002,0.004,0.022,0.0914,0.3274,ltm,frozenlake_8x8,28
0.0,0.0,0.0,72.794,0.0,9.8879,3.889922238595318,0.0,0.0,0.0,0.0,0.0,ltm,frozenlake_8x8,29
0.444,622.5,0.0623,48.0245,0.0,15.4329,2.5926374680711888,0.0,0.001,0.001,0.005,0.0623,ltm,frozenlake_8x8_stochastic,0
0.0,0.0,0.0,50.7266,0.0,11.526,2.8010044522816315,0.0,0.0,0.0,0.0,0.0,ltm,frozenlake_8x8_stochastic,1
0.0,0.0,0.0,50.6453,0.0,11.5845,2.7494067358784378,0.0,0.0,0.0,0.0,0.0,ltm,frozenlake_8x8_stochastic,2
0.04,617.0,0.0617,48.5313,0.0,15.4237,2.704520124127157,0.002,0.004,0.002,0.0092,0.0617,ltm,frozenlake_8x8_stochastic,3
0.39,586.0,0.0586,48.1091,0.0,15.3426,2.6245158807141706,0.0,0.001,0.004,0.0076,0.0586,ltm,frozenlake_8x8_stochastic,4
0.13,585.0,0.0585,48.7907,0.0,15.2318,2.6384999389993027,0.004,0.004,0.003,0.0076,0.0585,ltm,frozenlake_8x8_stochastic,5
0.47,601.5,0.0602,49.196,0.0,15.4395,2.7477522185072303,0.004,0.002,0.0015,0.008,0.0602,ltm,frozenlake_8x8_stochastic,6
0.256,589.0,0.0589,48.634,0.0,15.4967,2.6122318662237376,0.0,0.003,0.0025,0.0064,0.0589,ltm,frozenlake_8x8_stochastic,7
0.238,562.0,0.0562,48.3958,0.0,15.2659,2.731447027588729,0.002,0.003,0.004,0.0056,0.0562,ltm,frozenlake_8x8_stochastic,8
0.168,593.0,0.0593,48.4064,0.0,15.2191,2.692567410005722,0.004,0.002,0.002,0.0048,0.0593,ltm,frozenlake_8x8_stochastic,9
0.412,560.0,0.056,48.6435,0.0,15.2063,2.790320413361769,0.004,0.004,0.0025,0.0064,0.056,ltm,frozenlake_8x8_stochastic,10
0.372,559.0,0.0559,46.6472,0.0,15.2369,2.6552877775393426,0.0,0.001,0.003,0.006,0.0559,ltm,frozenlake_8x8_stochastic,11
0.376,625.0,0.0625,48.1432,0.0,15.4307,2.6688106661313213,0.004,0.003,0.004,0.005,0.0625,ltm,frozenlake_8x8_stochastic,12
0.464,530.0,0.053,47.6609,0.0,15.1391,2.7690452226088382,0.0,0.0,0.0,0.002,0.053,ltm,frozenlake_8x8_stochastic,13
0.244,596.0,0.0596,48.509,0.0,15.3377,2.7105588857084513,0.004,0.002,0.0015,0.0062,0.0596,ltm,frozenlake_8x8_stochastic,14
0.162,515.0,0.0515,47.9411,0.0,15.1388,2.8342753328033723,0.0,0.001,0.0015,0.0036,0.0515,ltm,frozenlake_8x8_stochastic,15
0.356,533.0,0.0533,46.9773,0.0,15.0215,2.75852116959868,0.002,0.002,0.0025,0.0014,0.0533,ltm,frozenlake_8x8_stochastic,16
0.232,535.0,0.0535,47.884,0.0,15.0358,3.030776174913626,0.0,0.0,0.0005,0.0024,0.0535,ltm,frozenlake_8x8_stochastic,17
0.47,543.0,0.0543,48.1098,0.0,15.098,3.375556524435524,0.0,0.003,0.003,0.003,0.0543,ltm,frozenlake_8x8_stochastic,18
0.43,610.0,0.061,48.9736,0.0,15.4092,3.1055754559347406,0.004,0.003,0.003,0.0076,0.061,ltm,frozenlake_8x8_stochastic,19
0.374,593.0,0.0593,46.6227,0.0,14.9727,2.8710200650966726,0.002,0.001,0.0015,0.0024,0.0593,ltm,frozenlake_8x8_stochastic,20
0.45,583.5,0.0584,47.9793,0.0,15.2841,3.2299054282484576,0.002,0.003,0.002,0.0058,0.0584,ltm,frozenlake_8x8_stochastic,21
0.45,582.0,0.0582,46.1966,0.0,14.7971,3.0552105073002167,0.0,0.0,0.0,0.0022,0.0582,ltm,frozenlake_8x8_stochastic,22
0.308,619.0,0.0619,48.0772,0.0,15.1571,3.2495761755271815,0.004,0.003,0.002,0.0038,0.0619,ltm,frozenlake_8x8_stochastic,23
0.482,555.0,0.0555,47.725,0.0,15.0494,3.3671000977628864,0.006,0.003,0.003,0.0064,0.0555,ltm,frozenlake_8x8_stochastic,24
0.112,520.0,0.052,48.553,0.0,15.3343,3.5702268047025427,0.002,0.001,0.0025,0.007,0.052,ltm,frozenlake_8x8_stochastic,25
0.314,602.0,0.0602,47.8975,0.0,15.3983,3.3610994472401217,0.002,0.002,0.002,0.0042,0.0602,ltm,frozenlake_8x8_stochastic,26
0.236,568.5,0.0569,48.6508,0.0,15.3573,3.4217992112389766,0.008,0.005,0.005,0.0076,0.0569,ltm,frozenlake_8x8_stochastic,27
0.29,571.0,0.0571,47.2627,0.0,15.1211,2.987183359102346,0.004,0.002,0.0015,0.0054,0.0571,ltm,frozenlake_8x8_stochastic,28
0.428,608.5,0.0609,49.2792,0.0,15.3357,3.064892040390987,0.002,0.001,0.002,0.006,0.0609,ltm,frozenlake_8x8_stochastic,29
1.0,3929.5,0.393,7.816,0.0,5.6859,0.4665531753562391,0.02,0.027,0.0415,0.125,0.393,ltm,custom_loop,0
1.0,3896.5,0.3897,7.8499,0.0,5.6945,0.4719234477961436,0.024,0.024,0.0455,0.1398,0.3897,ltm,custom_loop,1
1.0,3792.5,0.3793,8.0273,0.0,5.6578,0.5293140694266185,0.024,0.031,0.046,0.1274,0.3793,ltm,custom_loop,2
1.0,3843.5,0.3844,7.7994,0.0,5.6757,0.47394360328326,0.018,0.026,0.04,0.1216,0.3844,ltm,custom_loop,3
1.0,3927.5,0.3928,7.7983,0.0,5.7318,0.4724884681054391,0.012,0.028,0.042,0.1366,0.3928,ltm,custom_loop,4
1.0,3833.5,0.3834,7.6867,0.0,5.6546,0.4670492506120354,0.026,0.026,0.0385,0.125,0.3834,ltm,custom_loop,5
1.0,3819.5,0.382,7.8382,0.0,5.6677,0.47000711446162313,0.014,0.022,0.039,0.1274,0.382,ltm,custom_loop,6
1.0,3906.5,0.3907,7.7563,0.0,5.699,0.46732863737270236,0.016,0.029,0.0465,0.1362,0.3907,ltm,custom_loop,7
1.0,3907.5,0.3908,7.7659,0.0,5.712,0.46490375290159136,0.012,0.029,0.0465,0.145,0.3908,ltm,custom_loop,8
1.0,3822.5,0.3823,7.9099,0.0,5.6792,0.4403322088182904,0.014,0.029,0.0475,0.125,0.3823,ltm,custom_loop,9
1.0,3857.5,0.3858,7.7304,0.0,5.6689,0.45172242127591744,0.024,0.024,0.0375,0.1228,0.3858,ltm,custom_loop,10
1.0,3854.5,0.3855,7.8709,0.0,5.6889,0.5174995314446278,0.032,0.021,0.0455,0.1242,0.3855,ltm,custom_loop,11
1.0,3866.0,0.3866,7.9254,0.0,5.7062,0.48679238272598013,0.02,0.029,0.0355,0.1256,0.3866,ltm,custom_loop,12
1.0,3911.5,0.3912,7.7354,0.0,5.6971,0.47001063253264874,0.02,0.021,0.0395,0.1304,0.3912,ltm,custom_loop,13
1.0,3774.5,0.3775,7.9032,0.0,5.6547,0.4977772952988744,0.01,0.023,0.037,0.1332,0.3775,ltm,custom_loop,14
1.0,3815.5,0.3816,7.8092,0.0,5.7391,0.47523940372047946,0.022,0.029,0.0415,0.1294,0.3816,ltm,custom_loop,15
1.0,3811.5,0.3812,7.8189,0.0,5.6726,0.47961995599325746,0.02,0.03,0.042,0.1282,0.3812,ltm,custom_loop,16
1.0,3892.5,0.3893,7.8116,0.0,5.6817,0.4697053470881656,0.02,0.025,0.0415,0.122,0.3893,ltm,custom_loop,17
1.0,3890.5,0.3891,7.9424,0.0,5.7129,0.48309317167149857,0.014,0.019,0.038,0.1298,0.3891,ltm,custom_loop,18
1.0,3909.5,0.391,7.853,0.0,5.6891,0.4733110232045874,0.02,0.025,0.0445,0.1336,0.391,ltm,custom_loop,19
1.0,3865.5,0.3866,7.6691,0.0,5.6481,0.507688571640756,0.02,0.026,0.0405,0.1268,0.3866,ltm,custom_loop,20
1.0,3869.5,0.387,7.817,0.0,5.7155,0.4783398069557734,0.022,0.02,0.037,0.127,0.387,ltm,custom_loop,21
1.0,3908.5,0.3909,7.7874,0.0,5.6975,0.47060045175021514,0.018,0.019,0.041,0.1326,0.3909,ltm,custom_loop,22
1.0,3774.5,0.3775,7.7135,0.0,5.6613,0.47401573817478493,0.018,0.027,0.0455,0.1316,0.3775,ltm,custom_loop,23
1.0,3848.5,0.3849,7.6676,0.0,5.6823,0.4761669003055431,0.024,0.023,0.039,0.1272,0.3849,ltm,custom_loop,24
1.0,3904.5,0.3905,7.7213,0.0,5.6927,0.4805915040196851,0.012,0.018,0.0445,0.1382,0.3905,ltm,custom_loop,25
1.0,3882.5,0.3883,7.8132,0.0,5.6656,0.47876048245234415,0.012,0.017,0.037,0.1368,0.3883,ltm,custom_loop,26
1.0,3791.5,0.3792,7.8099,0.0,5.6931,0.5132615779293701,0.018,0.025,0.0455,0.1288,0.3792,ltm,custom_loop,27
1.0,3899.5,0.39,7.8965,0.0,5.7051,0.4891042073140852,0.024,0.031,0.0455,0.1336,0.39,ltm,custom_loop,28
1.0,3828.5,0.3829,7.7552,0.0,5.6411,0.47651758225401863,0.014,0.02,0.0355,0.1274,0.3829,ltm,custom_loop,29
1.0,4094.5,0.4095,7.2002,0.20343339889065865,5.7287,0.47209636139450595,0.018,0.028,0.052,0.1432,0.4095,combined,frozenlake_4x4,0
1.0,4129.5,0.413,7.2126,0.20284383362630326,5.7365,0.4637411600560881,0.022,0.023,0.041,0.1496,0.413,combined,frozenlake_4x4,1
1.0,4101.5,0.4102,7.2154,0.20259560620231287,5.6953,0.4624337014975026,0.022,0.033,0.052,0.1502,0.4102,combined,frozenlake_4x4,2
1.0,4075.5,0.4076,7.1249,0.19917354978914922,5.7141,0.45312098745489493,0.02,0.025,0.0395,0.1412,0.4076,combined,frozenlake_4x4,3
1.0,4128.5,0.4129,7.1989,0.20002199515799568,5.737,0.46790574450278655,0.01,0.026,0.0465,0.149,0.4129,combined,frozenlake_4x4,4
1.0,4067.5,0.4068,7.2212,0.2028162214579158,5.7165,0.5519045006367378,0.024,0.026,0.04,0.1474,0.4068,combined,frozenlake_4x4,5
1.0,4099.5,0.41,7.2569,0.20346341709880422,5.7577,0.5365046911756508,0.014,0.02,0.041,0.146,0.41,combined,frozenlake_4x4,6
1.0,4113.5,0.4114,7.1568,0.19929609104350587,5.7171,0.6258191879023798,0.02,0.031,0.0485,0.1506,0.4114,combined,frozenlake_4x4,7
1.0,4163.5,0.4164,7.1881,0.2021972392305951,5.7367,0.5765578653663397,0.01,0.029,0.046,0.1622,0.4164,combined,frozenlake_4x4,8
1.0,4090.5,0.4091,7.2386,0.20388558487982344,5.7318,0.5475765294977464,0.014,0.027,0.0445,0.1444,0.4091,combined,frozenlake_4x4,9
1.0,4016.5,0.4017,7.1671,0.2022841220946816,5.7192,0.6008958743186668,0.02,0.023,0.042,0.1408,0.4017,combined,frozenlake_4x4,10
1.0,4002.5,0.4003,7.1627,0.1997771487782795,5.7152,0.6407594245392829,0.032,0.023,0.049,0.1402,0.4003,combined,frozenlake_4x4,11
1.0,4002.5,0.4003,7.3162,0.20505728345465563,5.7375,0.7237957862671465,0.018,0.027,0.0355,0.1428,0.4003,combined,frozenlake_4x4,12
1.0,4090.5,0.4091,7.1969,0.20163341202774948,5.7341,0.6935704103088938,0.024,0.023,0.042,0.1418,0.4091,combined,frozenlake_4x4,13
1.0,4078.5,0.4079,7.2038,0.20301481565805976,5.7169,0.5302744504297152,0.014,0.023,0.0385,0.1444,0.4079,combined,frozenlake_4x4,14
1.0,4028.5,0.4029,7.2369,0.20330975707125604,5.7341,0.4968297993764281,0.026,0.032,0.045,0.1398,0.4029,combined,frozenlake_4x4,15
1.0,4092.5,0.4093,7.2292,0.2041470152990861,5.719,0.47801860864274204,0.018,0.028,0.0405,0.1512,0.4093,combined,frozenlake_4x4,16
1.0,4052.5,0.4053,7.1725,0.2012843038934398,5.7168,0.46376432391116396,0.016,0.023,0.039,0.1464,0.4053,combined,frozenlake_4x4,17
1.0,4092.5,0.4093,7.3081,0.20528548227181856,5.764,0.4788420987315476,0.012,0.019,0.0415,0.1486,0.4093,combined,frozenlake_4x4,18
1.0,4058.5,0.4059,7.225,0.20361691332191445,5.7401,0.5060729802353308,0.02,0.023,0.0415,0.1482,0.4059,combined,frozenlake_4x4,19
1.0,4104.5,0.4105,7.1658,0.19935140527677236,5.719,0.4682314054807648,0.02,0.027,0.0455,0.1456,0.4105,combined,frozenlake_4x4,20
1.0,4119.5,0.412,7.2243,0.20455077628793186,5.7272,0.47108900221064687,0.022,0.019,0.043,0.1508,0.412,combined,frozenlake_4x4,21
1.0,4062.5,0.4063,7.1781,0.20013746221378328,5.7174,0.46305281738750637,0.018,0.02,0.0425,0.151,0.4063,combined,frozenlake_4x4,22
1.0,4064.5,0.4065,7.1684,0.20248886741593955,5.715,0.4639679891988635,0.024,0.031,0.0485,0.1512,0.4065,combined,frozenlake_4x4,23
1.0,4076.5,0.4077,7.2013,0.20163532435611356,5.7534,0.46900128439301625,0.026,0.027,0.0415,0.1452,0.4077,combined,frozenlake_4x4,24
1.0,4057.5,0.4058,7.1263,0.19673454419679157,5.6971,0.46285704791080207,0.008,0.02,0.043,0.15,0.4058,combined,frozenlake_4x4,25
1.0,4136.5,0.4137,7.1813,0.20108791277213736,5.7276,0.46545437135500833,0.016,0.02,0.04,0.1498,0.4137,combined,frozenlake_4x4,26
1.0,4117.5,0.4118,7.244,0.203728161551594,5.7362,0.5232079772977158,0.016,0.026,0.048,0.1554,0.4118,combined,frozenlake_4x4,27
1.0,4073.0,0.4073,7.2054,0.1990494558876657,5.7394,0.49738057231297716,0.026,0.034,0.049,0.1428,0.4073,combined,frozenlake_4x4,28
1.0,4083.5,0.4084,7.2275,0.2023776788734058,5.7154,0.47915287950308993,0.014,0.025,0.0425,0.1412,0.4084,combined,frozenlake_4x4,29
1.0,3344.5,0.3345,21.2798,0.27888520369949915,13.6338,1.4627804064075463,0.002,0.003,0.0155,0.102,0.3345,combined,frozenlake_8x8,0
1.0,3696.5,0.3697,21.3112,0.2803054126133323,13.8248,1.4437117542256601,0.002,0.002,0.0035,0.1032,0.3697,combined,frozenlake_8x8,1
1.0,3631.5,0.3632,21.726,0.27868277705239874,13.9612,1.4510107895475812,0.004,0.003,0.0095,0.1044,0.3632,combined,frozenlake_8x8,2
1.0,3778.0,0.3779,21.7825,0.28323617690180825,13.9801,1.4058479852974415,0.004,0.003,0.0055,0.116,0.3779,combined,frozenlake_8x8,3
1.0,3709.5,0.371,21.3732,0.2790873827907939,13.8687,1.3823935712571256,0.0,0.0,0.0045,0.1082,0.371,combined,frozenlake_8x8,4
1.0,3616.5,0.3617,21.4688,0.2805876212963487,13.8021,1.3699841452762485,0.002,0.004,0.006,0.0986,0.3617,combined,frozenlake_8x8,5
1.0,3673.5,0.3674,21.4836,0.2796376398670456,13.8763,1.4381458658608608,0.0,0.001,0.008,0.1034,0.3674,combined,frozenlake_8x8,6
1.0,3757.5,0.3758,21.9426,0.28334278464187235,14.0,1.4721225077519193,0.008,0.008,0.0115,0.1052,0.3758,combined,frozenlake_8x8,7
1.0,3733.5,0.3734,21.2502,0.28112275784900115,13.813,1.5748833349207416,0.002,0.002,0.0065,0.0976,0.3734,combined,frozenlake_8x8,8
1.0,3797.5,0.3798,21.6317,0.2834175314724306,13.9502,1.6769436147296801,0.0,0.0,0.004,0.113,0.3798,combined,frozenlake_8x8,9
1.0,3824.5,0.3825,21.0334,0.2784183151262423,13.7855,1.490810537012294,0.0,0.001,0.0035,0.1114,0.3825,combined,frozenlake_8x8,10
1.0,3807.5,0.3808,21.7286,0.28296011266210036,13.9786,2.0555400419980288,0.006,0.005,0.009,0.102,0.3808,combined,frozenlake_8x8,11
1.0,3663.5,0.3664,20.9035,0.2793319976695392,13.659,1.6103847764316015,0.0,0.0,0.002,0.0878,0.3664,combined,frozenlake_8x8,12
0.0,0.0,0.0,12.3421,0.2256516972061112,8.2777,0.8813765762606636,0.0,0.0,0.0,0.0,0.0,combined,frozenlake_8x8,13
1.0,3800.5,0.3801,21.1949,0.27664301422279836,13.9469,1.4998206797172315,0.0,0.002,0.007,0.1054,0.3801,combined,frozenlake_8x8,14
1.0,3607.5,0.3608,20.1313,0.27555983611902546,13.363,1.4652615885133855,0.0,0.0,0.0025,0.0842,0.3608,combined,frozenlake_8x8,15
1.0,3728.5,0.3729,20.9059,0.2795171872470357,13.6805,1.5841911802417599,0.002,0.002,0.003,0.0976,0.3729,combined,frozenlake_8x8,16
1.0,3364.5,0.3365,18.5558,0.26213130780685606,12.7214,1.5463834809488617,0.0,0.0,0.0,0.0414,0.3365,combined,frozenlake_8x8,17
1.0,3438.5,0.3439,21.239,0.27800820511227337,13.6551,1.6033195974887349,0.0,0.002,0.008,0.1066,0.3439,combined,frozenlake_8x8,18
0.0,0.0,0.0,12.2067,0.2237951314548763,8.2445,0.8463056239415891,0.0,0.0,0.0,0.0,0.0,combined,frozenlake_8x8,19
1.0,3717.5,0.3718,21.5846,0.2809564500270787,13.898,1.5162935083499178,0.0,0.002,0.0085,0.106,0.3718,combined,frozenlake_8x8,20
1.0,3671.5,0.3672,20.9249,0.2786715183811914,13.6699,1.4058084634016268,0.0,0.001,0.002,0.0926,0.3672,combined,frozenlake_8x8,21
1.0,3806.5,0.3807,21.262,0.27893795913433067,13.8711,1.398405646032188,0.0,0.0,0.003,0.1136,0.3807,combined,frozenlake_8x8,22
0.0,0.0,0.0,12.2669,0.22710509405654566,8.2698,0.7709526456310414,0.0,0.0,0.0,0.0,0.0,combined,frozenlake_8x8,23
1.0,3640.5,0.3641,20.3513,0.2745164230888364,13.4808,1.3856005988200195,0.0,0.0,0.0005,0.0896,0.3641,combined,frozenlake_8x8,24
1.0,3708.5,0.3709,21.4312,0.27910855511121924,13.8814,1.4115111249266192,0.002,0.005,0.011,0.1062,0.3709,combined,frozenlake_8x8,25
1.0,3744.5,0.3745,21.2185,0.28143826312225745,13.8298,1.4707110465387814,0.002,0.001,0.004,0.0986,0.3745,combined,frozenlake_8x8,26
1.0,3748.5,0.3749,21.6768,0.2825174192397323,13.915,1.564072026812937,0.004,0.006,0.0135,0.1084,0.3749,combined,frozenlake_8x8,27
1.0,3687.5,0.3688,21.2363,0.2807408004135572,13.7389,1.403995244705584,0.002,0.001,0.0065,0.0962,0.3688,combined,frozenlake_8x8,28
1.0,3888.5,0.3889,21.5783,0.28401483734687416,13.9505,1.3812083221273497,0.0,0.0,0.0075,0.1118,0.3889,combined,frozenlake_8x8,29
0.004,37.0,0.0037,21.8905,0.38900385370158,10.8936,1.4105813454370946,0.0,0.002,0.003,0.002,0.0037,combined,frozenlake_8x8_stochastic,0
0.006,34.0,0.0034,21.7691,0.3892202977746926,10.8889,1.4747722488828003,0.004,0.002,0.001,0.0028,0.0034,combined,frozenlake_8x8_stochastic,1
0.006,49.0,0.0049,21.9314,0.3937719088393819,10.9506,1.4074850491597317,0.01,0.005,0.0035,0.0034,0.0049,combined,frozenlake_8x8_stochastic,2
0.004,20.0,0.002,21.8973,0.3878575395515356,10.969,1.4009752630372532,0.002,0.002,0.002,0.002,0.002,combined,frozenlake_8x8_stochastic,3
0.016,38.0,0.0038,22.0015,0.39321903235238015,10.8895,1.4636559574282728,0.004,0.004,0.003,0.0026,0.0038,combined,frozenlake_8x8_stochastic,4
0.012,30.0,0.003,22.9611,0.41534685176486447,10.943,1.4916713242419064,0.0,0.0,0.0005,0.0014,0.003,combined,frozenlake_8x8_stochastic,5
0.002,36.0,0.0036,21.684,0.3867603277350139,10.8713,1.3829534710384905,0.0,0.001,0.001,0.0026,0.0036,combined,frozenlake_8x8_stochastic,6
0.0,22.0,0.0022,22.0479,0.39572093636673716,10.9056,1.455574497464113,0.0,0.001,0.001,0.0018,0.0022,combined,frozenlake_8x8_stochastic,7
0.012,29.0,0.0029,22.1716,0.40680144602594703,10.8347,1.4750521008390933,0.0,0.002,0.002,0.002,0.0029,combined,frozenlake_8x8_stochastic,8
0.012,41.0,0.0041,21.8706,0.3890794560418253,10.9145,1.4027170342160389,0.002,0.004,0.0035,0.0034,0.0041,combined,frozenlake_8x8_stochastic,9
0.01,33.0,0.0033,21.7067,0.38924731740921326,10.8304,1.5046853267704137,0.002,0.005,0.0035,0.0028,0.0033,combined,frozenlake_8x8_stochastic,10
0.016,45.0,0.0045,21.7809,0.3908788346321661,10.8322,1.4505681250011548,0.008,0.005,0.0035,0.004,0.0045,combined,frozenlake_8x8_stochastic,11
0.004,24.0,0.0024,21.5916,0.38915794607436016,10.8434,1.3770978926913813,0.0,0.0,0.001,0.002,0.0024,combined,frozenlake_8x8_stochastic,12
0.008,25.0,0.0025,21.6797,0.39117586099329593,10.8115,1.407925745297689,0.0,0.0,0.0015,0.0024,0.0025,combined,frozenlake_8x8_stochastic,13
0.006,32.0,0.0032,21.6224,0.3882238589296583,10.8741,1.390793743194081,0.004,0.004,0.003,0.003,0.0032,combined,frozenlake_8x8_stochastic,14
0.008,31.0,0.0031,22.5104,0.41348493575873074,10.7863,1.5052115152357146,0.002,0.002,0.0025,0.002,0.0031,combined,frozenlake_8x8_stochastic,15
0.0,27.0,0.0027,21.7747,0.3891612000241291,10.8567,1.4083979365532286,0.002,0.001,0.002,0.0022,0.0027,combined,frozenlake_8x8_stochastic,16
0.012,42.0,0.0042,22.0765,0.394659442131561,10.8497,1.3995312599581666,0.0,0.001,0.001,0.002,0.0042,combined,frozenlake_8x8_stochastic,17
0.008,34.0,0.0034,22.2937,0.39387875085675744,10.9379,1.4014559690840542,0.004,0.004,0.003,0.002,0.0034,combined,frozenlake_8x8_stochastic,18
0.006,23.0,0.0023,22.5053,0.4031906541128226,10.9068,1.486402468464803,0.004,0.006,0.004,0.0028,0.0023,combined,frozenlake_8x8_stochastic,19
0.006,21.0,0.0021,21.8682,0.39015920914224556,10.8324,1.3870994847966358,0.006,0.003,0.003,0.003,0.0021,combined,frozenlake_8x8_stochastic,20
0.02,25.0,0.0025,22.1245,0.3950515757351811,10.8497,1.3963189897476695,0.002,0.002,0.0015,0.002,0.0025,combined,frozenlake_8x8_stochastic,21
0.008,36.0,0.0036,21.8497,0.39419196727964956,10.761,1.404348179930821,0.002,0.002,0.002,0.0028,0.0036,combined,frozenlake_8x8_stochastic,22
0.004,22.0,0.0022,21.9152,0.3946704828739111,10.8309,1.3996624772553332,0.0,0.0,0.001,0.0018,0.0022,combined,frozenlake_8x8_stochastic,23
0.012,37.0,0.0037,21.9044,0.3864020055743611,10.865,1.4174929754808545,0.002,0.002,0.0015,0.0028,0.0037,combined,frozenlake_8x8_stochastic,24
0.016,44.0,0.0044,21.6245,0.38529777852132774,10.9034,1.3668781740707345,0.0,0.002,0.0025,0.0026,0.0044,combined,frozenlake_8x8_stochastic,25
0.002,24.0,0.0024,22.0136,0.40270598138338215,10.8,1.3856832371093333,0.002,0.001,0.0015,0.0024,0.0024,combined,frozenlake_8x8_stochastic,26
0.016,30.0,0.003,21.6976,0.3924743425374764,10.7723,1.4373482242808677,0.004,0.004,0.003,0.0018,0.003,combined,frozenlake_8x8_stochastic,27
0.004,34.0,0.0034,21.3362,0.38471969187347144,10.8025,1.3693736505229026,0.002,0.002,0.0025,0.0026,0.0034,combined,frozenlake_8x8_stochastic,28
0.004,26.0,0.0026,21.8159,0.3912851032748523,10.858,1.3753249497967772,0.004,0.002,0.002,0.0028,0.0026,combined,frozenlake_8x8_stochastic,29
1.0,4094.5,0.4095,7.2002,0.20343339889065865,5.7287,0.4517610569600947,0.018,0.028,0.052,0.1432,0.4095,combined,custom_loop,0
1.0,4129.5,0.413,7.2126,0.20284383362630326,5.7365,0.49872979556676,0.022,0.023,0.041,0.1496,0.413,combined,custom_loop,1
1.0,4101.5,0.4102,7.2154,0.20259560620231287,5.6953,0.46514221921097487,0.022,0.033,0.052,0.1502,0.4102,combined,custom_loop,2
1.0,4075.5,0.4076,7.1249,0.19917354978914922,5.7141,0.4520088962162845,0.02,0.025,0.0395,0.1412,0.4076,combined,custom_loop,3
1.0,4128.5,0.4129,7.1989,0.20002199515799568,5.737,0.4566138648078777,0.01,0.026,0.0465,0.149,0.4129,combined,custom_loop,4
1.0,4067.5,0.4068,7.2212,0.2028162214579158,5.7165,0.47258354123914614,0.024,0.026,0.04,0.1474,0.4068,combined,custom_loop,5
1.0,4099.5,0.41,7.2569,0.20346341709880422,5.7577,0.46445576671976596,0.014,0.02,0.041,0.146,0.41,combined,custom_loop,6
1.0,4113.5,0.4114,7.1568,0.19929609104350587,5.7171,0.453944101522211,0.02,0.031,0.0485,0.1506,0.4114,combined,custom_loop,7
1.0,4163.5,0.4164,7.1881,0.2021972392305951,5.7367,0.4952474501915276,0.01,0.029,0.046,0.1622,0.4164,combined,custom_loop,8
1.0,4090.5,0.4091,7.2386,0.20388558487982344,5.7318,0.4655092832399532,0.014,0.027,0.0445,0.1444,0.4091,combined,custom_loop,9
1.0,4016.5,0.4017,7.1671,0.2022841220946816,5.7192,0.4595291165751405,0.02,0.023,0.042,0.1408,0.4017,combined,custom_loop,10
1.0,4002.5,0.4003,7.1627,0.1997771487782795,5.7152,0.45888047735206783,0.032,0.023,0.049,0.1402,0.4003,combined,custom_loop,11
1.0,4002.5,0.4003,7.3162,0.20505728345465563,5.7375,0.4641992361866869,0.018,0.027,0.0355,0.1428,0.4003,combined,custom_loop,12
1.0,4090.5,0.4091,7.1969,0.20163341202774948,5.7341,0.4535683181020431,0.024,0.023,0.042,0.1418,0.4091,combined,custom_loop,13
1.0,4078.5,0.4079,7.2038,0.20301481565805976,5.7169,0.4774523691739887,0.014,0.023,0.0385,0.1444,0.4079,combined,custom_loop,14
1.0,4028.5,0.4029,7.2369,0.20330975707125604,5.7341,0.7379115263465792,0.026,0.032,0.045,0.1398,0.4029,combined,custom_loop,15
1.0,4092.5,0.4093,7.2292,0.2041470152990861,5.719,0.8287606231751852,0.018,0.028,0.0405,0.1512,0.4093,combined,custom_loop,16
1.0,4052.5,0.4053,7.1725,0.2012843038934398,5.7168,0.7183778284233995,0.016,0.023,0.039,0.1464,0.4053,combined,custom_loop,17
1.0,4092.5,0.4093,7.3081,0.20528548227181856,5.764,0.6555734697030857,0.012,0.019,0.0415,0.1486,0.4093,combined,custom_loop,18
1.0,4058.5,0.4059,7.225,0.20361691332191445,5.7401,0.6071638378780335,0.02,0.023,0.0415,0.1482,0.4059,combined,custom_loop,19
1.0,4104.5,0.4105,7.1658,0.19935140527677236,5.719,0.5862678177072667,0.02,0.027,0.0455,0.1456,0.4105,combined,custom_loop,20
1.0,4119.5,0.412,7.2243,0.20455077628793186,5.7272,0.5465539536089636,0.022,0.019,0.043,0.1508,0.412,combined,custom_loop,21
1.0,4062.5,0.4063,7.1781,0.20013746221378328,5.7174,0.538430297630839,0.018,0.02,0.0425,0.151,0.4063,combined,custom_loop,22
1.0,4064.5,0.4065,7.1684,0.20248886741593955,5.715,0.5541199093568139,0.024,0.031,0.0485,0.1512,0.4065,combined,custom_loop,23
1.0,4076.5,0.4077,7.2013,0.20163532435611356,5.7534,0.49144362087827176,0.026,0.027,0.0415,0.1452,0.4077,combined,custom_loop,24
1.0,4057.5,0.4058,7.1263,0.19673454419679157,5.6971,0.46120917005464435,0.008,0.02,0.043,0.15,0.4058,combined,custom_loop,25
1.0,4136.5,0.4137,7.1813,0.20108791277213736,5.7276,0.5075368765974417,0.016,0.02,0.04,0.1498,0.4137,combined,custom_loop,26
1.0,4117.5,0.4118,7.244,0.203728161551594,5.7362,0.47083282278617844,0.016,0.026,0.048,0.1554,0.4118,combined,custom_loop,27
1.0,4073.0,0.4073,7.2054,0.1990494558876657,5.7394,0.4664013271103613,0.026,0.034,0.049,0.1428,0.4073,combined,custom_loop,28
1.0,4083.5,0.4084,7.2275,0.2023776788734058,5.7154,0.45484450150979683,0.014,0.025,0.0425,0.1412,0.4084,combined,custom_loop,29
